{"cameraMode":{"drawMode":0,"name":"Shaded","section":"Shading Mode"},"sceneLighting":false,"audioPlay":false,"sceneViewState":{"showFog":false,"showMaterialUpdate":false,"showSkybox":false,"showFlares":false,"showImageEffects":false,"showParticleSystems":false},"in2DMode":false,"pivot":{"x":-14.654999732971192,"y":0.8944544792175293,"z":1.785130262374878},"rotation":{"x":-0.07857818156480789,"y":0.8270706534385681,"z":-0.1308293342590332,"w":-0.5422393083572388},"size":9.831570625305176,"orthographic":false}