{"cameraMode":{"drawMode":0,"name":"Shaded","section":"Shading Mode"},"sceneLighting":false,"audioPlay":false,"sceneViewState":{"showFog":false,"showMaterialUpdate":false,"showSkybox":false,"showFlares":false,"showImageEffects":false,"showParticleSystems":false},"in2DMode":false,"pivot":{"x":-2.0309998989105226,"y":-0.6029999852180481,"z":1.2139999866485596},"rotation":{"x":0.10503590852022171,"y":0.07021930068731308,"z":-0.0013551192823797465,"w":0.9926819801330566},"size":2.988276958465576,"orthographic":false}