{"cameraMode":{"drawMode":0,"name":"Shaded","section":"Shading Mode"},"sceneLighting":false,"audioPlay":false,"sceneViewState":{"showFog":false,"showMaterialUpdate":false,"showSkybox":false,"showFlares":false,"showImageEffects":false,"showParticleSystems":false},"in2DMode":false,"pivot":{"x":-19.814233779907228,"y":-2.477313995361328,"z":-0.03900003433227539},"rotation":{"x":0.03521554917097092,"y":-0.9494416117668152,"z":0.2777707874774933,"w":0.14692948758602143},"size":53.800472259521487,"orthographic":false}