{"cameraMode":{"drawMode":0,"name":"Shaded","section":"Shading Mode"},"sceneLighting":false,"audioPlay":false,"sceneViewState":{"showFog":false,"showMaterialUpdate":false,"showSkybox":false,"showFlares":false,"showImageEffects":false,"showParticleSystems":false},"in2DMode":false,"pivot":{"x":-22.202587127685548,"y":-3.0014877319335939,"z":8.776374816894532},"rotation":{"x":0.26289528608322146,"y":-0.12725800275802613,"z":0.03639895096421242,"w":0.9561759233474731},"size":22.0,"orthographic":false}