{"cameraMode":{"drawMode":0,"name":"Shaded","section":"Shading Mode"},"sceneLighting":true,"audioPlay":false,"sceneViewState":{"showFog":false,"showMaterialUpdate":false,"showSkybox":false,"showFlares":false,"showImageEffects":false,"showParticleSystems":false},"in2DMode":false,"pivot":{"x":-16.418907165527345,"y":-0.05237102508544922,"z":9.932497024536133},"rotation":{"x":-0.0008386680856347084,"y":-0.9878097176551819,"z":0.15567417442798615,"w":-0.005331137217581272},"size":27.71906280517578,"orthographic":false}