{"cameraMode":{"drawMode":0,"name":"Shaded","section":"Shading Mode"},"sceneLighting":false,"audioPlay":false,"sceneViewState":{"showFog":false,"showMaterialUpdate":false,"showSkybox":false,"showFlares":false,"showImageEffects":false,"showParticleSystems":false},"in2DMode":false,"pivot":{"x":-19.814233779907228,"y":-2.5497989654541017,"z":-0.03900003433227539},"rotation":{"x":-0.15035784244537354,"y":0.10509603470563889,"z":-0.02866823785007,"w":-0.9836587309837341},"size":53.89736557006836,"orthographic":false}