{"cameraMode":{"drawMode":0,"name":"Shaded","section":"Shading Mode"},"sceneLighting":false,"audioPlay":false,"sceneViewState":{"showFog":false,"showMaterialUpdate":false,"showSkybox":false,"showFlares":false,"showImageEffects":false,"showParticleSystems":false},"in2DMode":false,"pivot":{"x":-22.202587127685548,"y":-3.0014877319335939,"z":8.776374816894532},"rotation":{"x":0.10503590852022171,"y":0.07021930068731308,"z":-0.0013551192823797465,"w":0.9926819801330566},"size":22.0,"orthographic":false}